Code,Title,,Leave these 3 columns blank,,,Template,Template ID,Number of Answers,Maximum Score,Partial Scoring,Feedback,Grade Grade,Difficulty Level,Keywords,Options 1 asset,Options 1 answer,Options 2 asset,Options 2 answer,Options 3 asset,Options 3 answer,Options 4 asset,Options 4 answer
Unique code for the question,Title for the assessment item,Question Body,Question Image,Question Audio,Question Repeat,,,How many answers are there?,How many marks can be allotted?,Partial scoring is allowed?,Feedback to show if the item is answered incorrectly,Grade Grade,How difficult is the question?,,,,,,,,,
ek.n.ib.m.t.2.4,Pick the correct answer,2 × 4 = ?,,,,org.ekstep.mcq.t.ta,domain_3490,1,1,No,Please try again!,Grade 2,EASY,"multiplication, multiplication tables, tables",8,Yes,6,No,10,No,6,No
ek.n.ib.m.t.2.5,Pick the correct answer,2 × 5 = ?,,,,org.ekstep.mcq.t.ta,domain_3490,1,1,No,Please try again!,Grade 2,EASY,"multiplication, multiplication tables, tables",8,No,10,Yes,7,No,12,No
ek.n.ib.m.t.2.2,Pick the correct answer,2 × 2 = ?,,,,org.ekstep.mcq.t.ta,domain_3490,1,1,No,Please try again!,Grade 2,EASY,"multiplication, multiplication tables, tables",6,No,2,No,4,Yes,2,No
ek.n.ib.m.t.2.7,Pick the correct answer,2 × 7 = ?,,,,org.ekstep.mcq.t.ta,domain_3490,1,1,No,Please try again!,Grade 2,EASY,"multiplication, multiplication tables, tables",9,No,16,No,12,No,14,Yes
ek.n.ib.m.t.2.9,Pick the correct answer,2 × 9 = ?,,,,org.ekstep.mcq.t.ta,domain_3490,1,1,No,Please try again!,Grade 2,EASY,"multiplication, multiplication tables, tables",18,Yes,11,No,20,No,16,No
ek.n.ib.m.t.2.8,Pick the correct answer,2 × 8 = ?,,,,org.ekstep.mcq.t.ta,domain_3490,1,1,No,Please try again!,Grade 2,EASY,"multiplication, multiplication tables, tables",14,No,16,Yes,10,No,18,No
ek.n.ib.m.t.2.1,Pick the correct answer,2 × 1 = ?,,,,org.ekstep.mcq.t.ta,domain_3490,1,1,No,Please try again!,Grade 2,EASY,"multiplication, multiplication tables, tables",4,No,1,No,2,Yes,3,No
ek.n.ib.m.t.2.6,Pick the correct answer,2 × 6 = ?,,,,org.ekstep.mcq.t.ta,domain_3490,1,1,No,Please try again!,Grade 2,EASY,"multiplication, multiplication tables, tables",8,No,14,No,10,No,12,Yes
ek.n.ib.m.t.2.3,Pick the correct answer,2 × 3 = ?,,,,org.ekstep.mcq.t.ta,domain_3490,1,1,No,Please try again!,Grade 2,EASY,"multiplication, multiplication tables, tables",6,Yes,5,No,8,No,4,No
ek.n.ib.m.t.2.10,Pick the correct answer,2 × 10 = ?,,,,org.ekstep.mcq.t.ta,domain_3490,1,1,No,Please try again!,Grade 2,EASY,"multiplication, multiplication tables, tables",18,No,20,Yes,12,No,22,No
ek.n.ib.m.t.3.7,Pick the correct answer,3 × 7 = ?,,,,org.ekstep.mcq.t.ta,domain_3490,1,1,No,Please try again!,Grade 2,EASY,"multiplication, multiplication tables, tables",21,Yes,10,No,24,No,18,No
ek.n.ib.m.t.3.4,Pick the correct answer,3 × 4 = ?,,,,org.ekstep.mcq.t.ta,domain_3490,1,1,No,Please try again!,Grade 2,EASY,"multiplication, multiplication tables, tables",9,No,12,Yes,7,No,15,No
ek.n.ib.m.t.3.3,Pick the correct answer,3 × 3 = ?,,,,org.ekstep.mcq.t.ta,domain_3490,1,1,No,Please try again!,Grade 2,EASY,"multiplication, multiplication tables, tables",12,No,6,No,9,Yes,6,No
ek.n.ib.m.t.3.5,Pick the correct answer,3 × 5 = ?,,,,org.ekstep.mcq.t.ta,domain_3490,1,1,No,Please try again!,Grade 2,EASY,"multiplication, multiplication tables, tables",8,No,18,No,12,No,15,Yes
ek.n.ib.m.t.3.9,Pick the correct answer,3 × 9 = ?,,,,org.ekstep.mcq.t.ta,domain_3490,1,1,No,Please try again!,Grade 2,EASY,"multiplication, multiplication tables, tables",27,Yes,12,No,30,No,24,No
ek.n.ib.m.t.3.1,Pick the correct answer,3 × 1 = ?,,,,org.ekstep.mcq.t.ta,domain_3490,1,1,No,Please try again!,Grade 2,EASY,"multiplication, multiplication tables, tables",1,No,3,Yes,4,No,6,No
ek.n.ib.m.t.3.2,Pick the correct answer,3 × 2 = ?,,,,org.ekstep.mcq.t.ta,domain_3490,1,1,No,Please try again!,Grade 2,EASY,"multiplication, multiplication tables, tables",9,No,3,No,6,Yes,5,No
ek.n.ib.m.t.3.8,Pick the correct answer,3 × 8 = ?,,,,org.ekstep.mcq.t.ta,domain_3490,1,1,No,Please try again!,Grade 2,EASY,"multiplication, multiplication tables, tables",11,No,27,No,21,No,24,Yes
ek.n.ib.m.t.3.10,Pick the correct answer,3 × 10 = ?,,,,org.ekstep.mcq.t.ta,domain_3490,1,1,No,Please try again!,Grade 2,EASY,"multiplication, multiplication tables, tables",30,Yes,13,No,33,No,27,No
ek.n.ib.m.t.3.6,Pick the correct answer,3 × 6 = ?,,,,org.ekstep.mcq.t.ta,domain_3490,1,1,No,Please try again!,Grade 2,EASY,"multiplication, multiplication tables, tables",15,No,18,Yes,9,No,21,No
ek.n.ib.m.t.4.2,Pick the correct answer,4 × 2 = ?,,,,org.ekstep.mcq.t.ta,domain_3490,1,1,No,Please try again!,Grade 2,EASY,"multiplication, multiplication tables, tables",8,Yes,6,No,12,No,4,No
ek.n.ib.m.t.4.4,Pick the correct answer,4 × 4 = ?,,,,org.ekstep.mcq.t.ta,domain_3490,1,1,No,Please try again!,Grade 2,EASY,"multiplication, multiplication tables, tables",12,No,16,Yes,8,No,20,No
ek.n.ib.m.t.4.6,Pick the correct answer,4 × 6 = ?,,,,org.ekstep.mcq.t.ta,domain_3490,1,1,No,Please try again!,Grade 2,EASY,"multiplication, multiplication tables, tables",28,No,20,No,24,Yes,10,No
ek.n.ib.m.t.4.8,Pick the correct answer,4 × 8 = ?,,,,org.ekstep.mcq.t.ta,domain_3490,1,1,No,Please try again!,Grade 2,EASY,"multiplication, multiplication tables, tables",12,No,36,No,28,No,32,Yes
ek.n.ib.m.t.4.10,Pick the correct answer,4 × 10 = ?,,,,org.ekstep.mcq.t.ta,domain_3490,1,1,No,Please try again!,Grade 2,EASY,"multiplication, multiplication tables, tables",40,Yes,14,No,44,No,36,No
ek.n.ib.m.t.4.1,Pick the correct answer,4 × 1 = ?,,,,org.ekstep.mcq.t.ta,domain_3490,1,1,No,Please try again!,Grade 2,EASY,"multiplication, multiplication tables, tables",1,No,4,Yes,5,No,8,No
ek.n.ib.m.t.4.5,Pick the correct answer,4 × 5 = ?,,,,org.ekstep.mcq.t.ta,domain_3490,1,1,No,Please try again!,Grade 2,EASY,"multiplication, multiplication tables, tables",24,No,16,No,20,Yes,9,No
ek.n.ib.m.t.4.3,Pick the correct answer,4 × 3 = ?,,,,org.ekstep.mcq.t.ta,domain_3490,1,1,No,Please try again!,Grade 2,EASY,"multiplication, multiplication tables, tables",7,No,16,No,8,No,12,Yes
ek.n.ib.m.t.4.7,Pick the correct answer,4 × 7 = ?,,,,org.ekstep.mcq.t.ta,domain_3490,1,1,No,Please try again!,Grade 2,EASY,"multiplication, multiplication tables, tables",28,Yes,11,No,32,No,24,No
ek.n.ib.m.t.4.9,Pick the correct answer,4 × 9 = ?,,,,org.ekstep.mcq.t.ta,domain_3490,1,1,No,Please try again!,Grade 2,EASY,"multiplication, multiplication tables, tables",32,No,36,Yes,13,No,40,No
ek.n.ib.m.t.5.1,Pick the correct answer,5 × 1 = ?,,,,org.ekstep.mcq.t.ta,domain_3490,1,1,No,Please try again!,Grade 2,EASY,"multiplication, multiplication tables, tables",5,Yes,6,No,10,No,1,No
ek.n.ib.m.t.5.3,Pick the correct answer,5 × 3 = ?,,,,org.ekstep.mcq.t.ta,domain_3490,1,1,No,Please try again!,Grade 2,EASY,"multiplication, multiplication tables, tables",10,No,15,Yes,8,No,20,No
ek.n.ib.m.t.5.5,Pick the correct answer,5 × 5 = ?,,,,org.ekstep.mcq.t.ta,domain_3490,1,1,No,Please try again!,Grade 2,EASY,"multiplication, multiplication tables, tables",30,No,20,No,25,Yes,10,No
ek.n.ib.m.t.5.7,Pick the correct answer,5 × 7 = ?,,,,org.ekstep.mcq.t.ta,domain_3490,1,1,No,Please try again!,Grade 2,EASY,"multiplication, multiplication tables, tables",12,No,40,No,30,No,35,Yes
ek.n.ib.m.t.5.10,Pick the correct answer,5 × 10 = ?,,,,org.ekstep.mcq.t.ta,domain_3490,1,1,No,Please try again!,Grade 2,EASY,"multiplication, multiplication tables, tables",50,Yes,15,No,55,No,45,No
ek.n.ib.m.t.5.9,Pick the correct answer,5 × 9 = ?,,,,org.ekstep.mcq.t.ta,domain_3490,1,1,No,Please try again!,Grade 2,EASY,"multiplication, multiplication tables, tables",40,No,45,Yes,14,No,50,No
ek.n.ib.m.t.5.8,Pick the correct answer,5 × 8 = ?,,,,org.ekstep.mcq.t.ta,domain_3490,1,1,No,Please try again!,Grade 2,EASY,"multiplication, multiplication tables, tables",45,No,35,No,40,Yes,13,No
ek.n.ib.m.t.5.6,Pick the correct answer,5 × 6 = ?,,,,org.ekstep.mcq.t.ta,domain_3490,1,1,No,Please try again!,Grade 2,EASY,"multiplication, multiplication tables, tables",11,No,35,No,25,No,30,Yes
ek.n.ib.m.t.5.4,Pick the correct answer,5 × 4 = ?,,,,org.ekstep.mcq.t.ta,domain_3490,1,1,No,Please try again!,Grade 2,EASY,"multiplication, multiplication tables, tables",20,Yes,9,No,25,No,15,No
ek.n.ib.m.t.5.2,Pick the correct answer,5 × 2 = ?,,,,org.ekstep.mcq.t.ta,domain_3490,1,1,No,Please try again!,Grade 2,EASY,"multiplication, multiplication tables, tables",5,No,10,Yes,7,No,15,No
ek.n.ib.m.t.6.4,Pick the correct answer,6 × 4 = ?,,,,org.ekstep.mcq.t.ta,domain_3490,1,1,No,Please try again!,Grade 2,EASY,"multiplication, multiplication tables, tables",24,Yes,10,No,30,No,18,No
ek.n.ib.m.t.6.3,Pick the correct answer,6 × 3 = ?,,,,org.ekstep.mcq.t.ta,domain_3490,1,1,No,Please try again!,Grade 2,EASY,"multiplication, multiplication tables, tables",12,No,18,Yes,9,No,24,No
ek.n.ib.m.t.6.2,Pick the correct answer,6 × 2 = ?,,,,org.ekstep.mcq.t.ta,domain_3490,1,1,No,Please try again!,Grade 2,EASY,"multiplication, multiplication tables, tables",18,No,6,No,12,Yes,8,No
ek.n.ib.m.t.6.7,Pick the correct answer,6 × 7 = ?,,,,org.ekstep.mcq.t.ta,domain_3490,1,1,No,Please try again!,Grade 2,EASY,"multiplication, multiplication tables, tables",13,No,48,No,36,No,42,Yes
ek.n.ib.m.t.6.8,Pick the correct answer,6 × 8 = ?,,,,org.ekstep.mcq.t.ta,domain_3490,1,1,No,Please try again!,Grade 2,EASY,"multiplication, multiplication tables, tables",48,Yes,14,No,54,No,42,No
ek.n.ib.m.t.6.9,Pick the correct answer,6 × 9 = ?,,,,org.ekstep.mcq.t.ta,domain_3490,1,1,No,Please try again!,Grade 2,EASY,"multiplication, multiplication tables, tables",48,No,54,Yes,15,No,60,No
ek.n.ib.m.t.6.10,Pick the correct answer,6 × 10 = ?,,,,org.ekstep.mcq.t.ta,domain_3490,1,1,No,Please try again!,Grade 2,EASY,"multiplication, multiplication tables, tables",66,No,54,No,60,Yes,16,No
ek.n.ib.m.t.6.6,Pick the correct answer,6 × 6 = ?,,,,org.ekstep.mcq.t.ta,domain_3490,1,1,No,Please try again!,Grade 2,EASY,"multiplication, multiplication tables, tables",12,No,42,No,30,No,36,Yes
ek.n.ib.m.t.6.5,Pick the correct answer,6 × 5 = ?,,,,org.ekstep.mcq.t.ta,domain_3490,1,1,No,Please try again!,Grade 2,EASY,"multiplication, multiplication tables, tables",30,Yes,11,No,36,No,24,No
ek.n.ib.m.t.6.1,Pick the correct answer,6 × 1 = ?,,,,org.ekstep.mcq.t.ta,domain_3490,1,1,No,Please try again!,Grade 2,EASY,"multiplication, multiplication tables, tables",1,No,6,Yes,7,No,12,No
ek.n.ib.m.t.7.10,Pick the correct answer,7 × 10 = ?,,,,org.ekstep.mcq.t.ta,domain_3490,1,1,No,Please try again!,Grade 2,EASY,"multiplication, multiplication tables, tables",70,Yes,17,No,77,No,63,No
ek.n.ib.m.t.7.5,Pick the correct answer,7 × 5 = ?,,,,org.ekstep.mcq.t.ta,domain_3490,1,1,No,Please try again!,Grade 2,EASY,"multiplication, multiplication tables, tables",28,No,35,Yes,12,No,42,No
ek.n.ib.m.t.7.1,Pick the correct answer,7 × 1 = ?,,,,org.ekstep.mcq.t.ta,domain_3490,1,1,No,Please try again!,Grade 2,EASY,"multiplication, multiplication tables, tables",14,No,1,No,7,Yes,8,No
ek.n.ib.m.t.7.7,Pick the correct answer,7 × 7 = ?,,,,org.ekstep.mcq.t.ta,domain_3490,1,1,No,Please try again!,Grade 2,EASY,"multiplication, multiplication tables, tables",14,No,56,No,42,No,49,Yes
ek.n.ib.m.t.7.2,Pick the correct answer,7 × 2 = ?,,,,org.ekstep.mcq.t.ta,domain_3490,1,1,No,Please try again!,Grade 2,EASY,"multiplication, multiplication tables, tables",14,Yes,9,No,21,No,7,No
ek.n.ib.m.t.7.4,Pick the correct answer,7 × 4 = ?,,,,org.ekstep.mcq.t.ta,domain_3490,1,1,No,Please try again!,Grade 2,EASY,"multiplication, multiplication tables, tables",21,No,28,Yes,11,No,35,No
ek.n.ib.m.t.7.8,Pick the correct answer,7 × 8 = ?,,,,org.ekstep.mcq.t.ta,domain_3490,1,1,No,Please try again!,Grade 2,EASY,"multiplication, multiplication tables, tables",63,No,49,No,56,Yes,15,No
ek.n.ib.m.t.7.3,Pick the correct answer,7 × 3 = ?,,,,org.ekstep.mcq.t.ta,domain_3490,1,1,No,Please try again!,Grade 2,EASY,"multiplication, multiplication tables, tables",10,No,28,No,14,No,21,Yes
ek.n.ib.m.t.7.6,Pick the correct answer,7 × 6 = ?,,,,org.ekstep.mcq.t.ta,domain_3490,1,1,No,Please try again!,Grade 2,EASY,"multiplication, multiplication tables, tables",42,Yes,13,No,49,No,35,No
ek.n.ib.m.t.7.9,Pick the correct answer,7 × 9 = ?,,,,org.ekstep.mcq.t.ta,domain_3490,1,1,No,Please try again!,Grade 2,EASY,"multiplication, multiplication tables, tables",56,No,63,Yes,16,No,70,No
ek.n.ib.m.t.8.1,Pick the correct answer,8 × 1 = ?,,,,org.ekstep.mcq.t.ta,domain_3490,1,1,No,Please try again!,Grade 2,EASY,"multiplication, multiplication tables, tables",8,Yes,9,No,16,No,1,No
ek.n.ib.m.t.8.4,Pick the correct answer,8 × 4 = ?,,,,org.ekstep.mcq.t.ta,domain_3490,1,1,No,Please try again!,Grade 2,EASY,"multiplication, multiplication tables, tables",24,No,32,Yes,12,No,40,No
ek.n.ib.m.t.8.7,Pick the correct answer,8 × 7 = ?,,,,org.ekstep.mcq.t.ta,domain_3490,1,1,No,Please try again!,Grade 2,EASY,"multiplication, multiplication tables, tables",64,No,48,No,56,Yes,15,No
ek.n.ib.m.t.8.10,Pick the correct answer,8 × 10 = ?,,,,org.ekstep.mcq.t.ta,domain_3490,1,1,No,Please try again!,Grade 2,EASY,"multiplication, multiplication tables, tables",18,No,88,No,72,No,80,Yes
ek.n.ib.m.t.8.2,Pick the correct answer,8 × 2 = ?,,,,org.ekstep.mcq.t.ta,domain_3490,1,1,No,Please try again!,Grade 2,EASY,"multiplication, multiplication tables, tables",16,Yes,10,No,24,No,8,No
ek.n.ib.m.t.8.5,Pick the correct answer,8 × 5 = ?,,,,org.ekstep.mcq.t.ta,domain_3490,1,1,No,Please try again!,Grade 2,EASY,"multiplication, multiplication tables, tables",32,No,40,Yes,13,No,48,No
ek.n.ib.m.t.8.8,Pick the correct answer,8 × 8 = ?,,,,org.ekstep.mcq.t.ta,domain_3490,1,1,No,Please try again!,Grade 2,EASY,"multiplication, multiplication tables, tables",72,No,56,No,64,Yes,16,No
ek.n.ib.m.t.8.3,Pick the correct answer,8 × 3 = ?,,,,org.ekstep.mcq.t.ta,domain_3490,1,1,No,Please try again!,Grade 2,EASY,"multiplication, multiplication tables, tables",11,No,32,No,16,No,24,Yes
ek.n.ib.m.t.8.6,Pick the correct answer,8 × 6 = ?,,,,org.ekstep.mcq.t.ta,domain_3490,1,1,No,Please try again!,Grade 2,EASY,"multiplication, multiplication tables, tables",48,Yes,14,No,56,No,40,No
ek.n.ib.m.t.8.9,Pick the correct answer,8 × 9 = ?,,,,org.ekstep.mcq.t.ta,domain_3490,1,1,No,Please try again!,Grade 2,EASY,"multiplication, multiplication tables, tables",64,No,72,Yes,17,No,80,No
ek.n.ib.m.t.9.7,Pick the correct answer,9 × 7 = ?,,,,org.ekstep.mcq.t.ta,domain_3490,1,1,No,Please try again!,Grade 2,EASY,"multiplication, multiplication tables, tables",63,Yes,16,No,72,No,54,No
ek.n.ib.m.t.9.2,Pick the correct answer,9 × 2 = ?,,,,org.ekstep.mcq.t.ta,domain_3490,1,1,No,Please try again!,Grade 2,EASY,"multiplication, multiplication tables, tables",9,No,18,Yes,11,No,27,No
ek.n.ib.m.t.9.5,Pick the correct answer,9 × 5 = ?,,,,org.ekstep.mcq.t.ta,domain_3490,1,1,No,Please try again!,Grade 2,EASY,"multiplication, multiplication tables, tables",54,No,36,No,45,Yes,14,No
ek.n.ib.m.t.9.1,Pick the correct answer,9 × 1 = ?,,,,org.ekstep.mcq.t.ta,domain_3490,1,1,No,Please try again!,Grade 2,EASY,"multiplication, multiplication tables, tables",10,No,18,No,1,No,9,Yes
ek.n.ib.m.t.9.8,Pick the correct answer,9 × 8 = ?,,,,org.ekstep.mcq.t.ta,domain_3490,1,1,No,Please try again!,Grade 2,EASY,"multiplication, multiplication tables, tables",72,Yes,17,No,81,No,63,No
ek.n.ib.m.t.9.9,Pick the correct answer,9 × 9 = ?,,,,org.ekstep.mcq.t.ta,domain_3490,1,1,No,Please try again!,Grade 2,EASY,"multiplication, multiplication tables, tables",72,No,81,Yes,18,No,90,No
ek.n.ib.m.t.9.10,Pick the correct answer,9 × 10 = ?,,,,org.ekstep.mcq.t.ta,domain_3490,1,1,No,Please try again!,Grade 2,EASY,"multiplication, multiplication tables, tables",99,No,81,No,90,Yes,19,No
ek.n.ib.m.t.9.3,Pick the correct answer,9 × 3 = ?,,,,org.ekstep.mcq.t.ta,domain_3490,1,1,No,Please try again!,Grade 2,EASY,"multiplication, multiplication tables, tables",12,No,36,No,18,No,27,Yes
ek.n.ib.m.t.9.4,Pick the correct answer,9 × 4 = ?,,,,org.ekstep.mcq.t.ta,domain_3490,1,1,No,Please try again!,Grade 2,EASY,"multiplication, multiplication tables, tables",36,Yes,13,No,45,No,27,No
ek.n.ib.m.t.9.6,Pick the correct answer,9 × 6 = ?,,,,org.ekstep.mcq.t.ta,domain_3490,1,1,No,Please try again!,Grade 2,EASY,"multiplication, multiplication tables, tables",45,No,54,Yes,15,No,63,No
ek.n.ib.m.t.10.5,Pick the correct answer,10 × 5 = ?,,,,org.ekstep.mcq.t.ta,domain_3490,1,1,No,Please try again!,Grade 2,EASY,"multiplication, multiplication tables, tables",50,Yes,15,No,60,No,40,No
ek.n.ib.m.t.10.6,Pick the correct answer,10 × 6 = ?,,,,org.ekstep.mcq.t.ta,domain_3490,1,1,No,Please try again!,Grade 2,EASY,"multiplication, multiplication tables, tables",50,No,60,Yes,16,No,70,No
ek.n.ib.m.t.10.4,Pick the correct answer,10 × 4 = ?,,,,org.ekstep.mcq.t.ta,domain_3490,1,1,No,Please try again!,Grade 2,EASY,"multiplication, multiplication tables, tables",50,No,30,No,40,Yes,14,No
ek.n.ib.m.t.10.7,Pick the correct answer,10 × 7 = ?,,,,org.ekstep.mcq.t.ta,domain_3490,1,1,No,Please try again!,Grade 2,EASY,"multiplication, multiplication tables, tables",17,No,80,No,60,No,70,Yes
ek.n.ib.m.t.10.8,Pick the correct answer,10 × 8 = ?,,,,org.ekstep.mcq.t.ta,domain_3490,1,1,No,Please try again!,Grade 2,EASY,"multiplication, multiplication tables, tables",80,Yes,18,No,90,No,70,No
ek.n.ib.m.t.10.1,Pick the correct answer,10 × 1 = ?,,,,org.ekstep.mcq.t.ta,domain_3490,1,1,No,Please try again!,Grade 2,EASY,"multiplication, multiplication tables, tables",1,No,10,Yes,11,No,20,No
ek.n.ib.m.t.10.3,Pick the correct answer,10 × 3 = ?,,,,org.ekstep.mcq.t.ta,domain_3490,1,1,No,Please try again!,Grade 2,EASY,"multiplication, multiplication tables, tables",40,No,20,No,30,Yes,13,No
ek.n.ib.m.t.10.2,Pick the correct answer,10 × 2 = ?,,,,org.ekstep.mcq.t.ta,domain_3490,1,1,No,Please try again!,Grade 2,EASY,"multiplication, multiplication tables, tables",12,No,30,No,10,No,20,Yes
ek.n.ib.m.t.10.10,Pick the correct answer,10 × 10 = ?,,,,org.ekstep.mcq.t.ta,domain_3490,1,1,No,Please try again!,Grade 2,EASY,"multiplication, multiplication tables, tables",100,Yes,20,No,110,No,90,No
ek.n.ib.m.t.10.9,Pick the correct answer,10 × 9 = ?,,,,org.ekstep.mcq.t.ta,domain_3490,1,1,No,Please try again!,Grade 2,EASY,"multiplication, multiplication tables, tables",80,No,90,Yes,19,No,100,No
ek.n.ib.m.t.11.1,Pick the correct answer,11 × 1 = ?,,,,org.ekstep.mcq.t.ta,domain_3490,1,1,No,Please try again!,Grade 2,EASY,"multiplication, multiplication tables, tables",11,Yes,12,No,22,No,1,No
ek.n.ib.m.t.11.3,Pick the correct answer,11 × 3 = ?,,,,org.ekstep.mcq.t.ta,domain_3490,1,1,No,Please try again!,Grade 2,EASY,"multiplication, multiplication tables, tables",22,No,33,Yes,14,No,44,No
ek.n.ib.m.t.11.5,Pick the correct answer,11 × 5 = ?,,,,org.ekstep.mcq.t.ta,domain_3490,1,1,No,Please try again!,Grade 2,EASY,"multiplication, multiplication tables, tables",66,No,44,No,55,Yes,16,No
ek.n.ib.m.t.11.7,Pick the correct answer,11 × 7 = ?,,,,org.ekstep.mcq.t.ta,domain_3490,1,1,No,Please try again!,Grade 2,EASY,"multiplication, multiplication tables, tables",18,No,88,No,66,No,77,Yes
ek.n.ib.m.t.11.10,Pick the correct answer,11 × 10 = ?,,,,org.ekstep.mcq.t.ta,domain_3490,1,1,No,Please try again!,Grade 2,EASY,"multiplication, multiplication tables, tables",110,Yes,21,No,121,No,99,No
ek.n.ib.m.t.11.9,Pick the correct answer,11 × 9 = ?,,,,org.ekstep.mcq.t.ta,domain_3490,1,1,No,Please try again!,Grade 2,EASY,"multiplication, multiplication tables, tables",88,No,99,Yes,20,No,110,No
ek.n.ib.m.t.11.8,Pick the correct answer,11 × 8 = ?,,,,org.ekstep.mcq.t.ta,domain_3490,1,1,No,Please try again!,Grade 2,EASY,"multiplication, multiplication tables, tables",99,No,77,No,88,Yes,19,No
ek.n.ib.m.t.11.6,Pick the correct answer,11 × 6 = ?,,,,org.ekstep.mcq.t.ta,domain_3490,1,1,No,Please try again!,Grade 2,EASY,"multiplication, multiplication tables, tables",17,No,77,No,55,No,66,Yes
ek.n.ib.m.t.11.4,Pick the correct answer,11 × 4 = ?,,,,org.ekstep.mcq.t.ta,domain_3490,1,1,No,Please try again!,Grade 2,EASY,"multiplication, multiplication tables, tables",44,Yes,15,No,55,No,33,No
ek.n.ib.m.t.11.2,Pick the correct answer,11 × 2 = ?,,,,org.ekstep.mcq.t.ta,domain_3490,1,1,No,Please try again!,Grade 2,EASY,"multiplication, multiplication tables, tables",11,No,22,Yes,13,No,33,No
ek.n.ib.m.t.12.7,Pick the correct answer,12 × 7 = ?,,,,org.ekstep.mcq.t.ta,domain_3490,1,1,No,Please try again!,Grade 2,EASY,"multiplication, multiplication tables, tables",84,Yes,19,No,96,No,72,No
ek.n.ib.m.t.12.4,Pick the correct answer,12 × 4 = ?,,,,org.ekstep.mcq.t.ta,domain_3490,1,1,No,Please try again!,Grade 2,EASY,"multiplication, multiplication tables, tables",36,No,48,Yes,16,No,60,No
ek.n.ib.m.t.12.3,Pick the correct answer,12 × 3 = ?,,,,org.ekstep.mcq.t.ta,domain_3490,1,1,No,Please try again!,Grade 2,EASY,"multiplication, multiplication tables, tables",48,No,24,No,36,Yes,15,No
ek.n.ib.m.t.12.5,Pick the correct answer,12 × 5 = ?,,,,org.ekstep.mcq.t.ta,domain_3490,1,1,No,Please try again!,Grade 2,EASY,"multiplication, multiplication tables, tables",17,No,72,No,48,No,60,Yes
ek.n.ib.m.t.12.9,Pick the correct answer,12 × 9 = ?,,,,org.ekstep.mcq.t.ta,domain_3490,1,1,No,Please try again!,Grade 2,EASY,"multiplication, multiplication tables, tables",108,Yes,21,No,120,No,96,No
ek.n.ib.m.t.12.1,Pick the correct answer,12 × 1 = ?,,,,org.ekstep.mcq.t.ta,domain_3490,1,1,No,Please try again!,Grade 2,EASY,"multiplication, multiplication tables, tables",1,No,12,Yes,13,No,24,No
ek.n.ib.m.t.12.2,Pick the correct answer,12 × 2 = ?,,,,org.ekstep.mcq.t.ta,domain_3490,1,1,No,Please try again!,Grade 2,EASY,"multiplication, multiplication tables, tables",36,No,12,No,24,Yes,14,No
ek.n.ib.m.t.12.8,Pick the correct answer,12 × 8 = ?,,,,org.ekstep.mcq.t.ta,domain_3490,1,1,No,Please try again!,Grade 2,EASY,"multiplication, multiplication tables, tables",20,No,108,No,84,No,96,Yes
ek.n.ib.m.t.12.10,Pick the correct answer,12 × 10 = ?,,,,org.ekstep.mcq.t.ta,domain_3490,1,1,No,Please try again!,Grade 2,EASY,"multiplication, multiplication tables, tables",120,Yes,22,No,132,No,108,No
ek.n.ib.m.t.12.6,Pick the correct answer,12 × 6 = ?,,,,org.ekstep.mcq.t.ta,domain_3490,1,1,No,Please try again!,Grade 2,EASY,"multiplication, multiplication tables, tables",60,No,72,Yes,18,No,84,No
ek.n.ib.m.t.13.4,Pick the correct answer,13 × 4 = ?,,,,org.ekstep.mcq.t.ta,domain_3490,1,1,No,Please try again!,Grade 2,EASY,"multiplication, multiplication tables, tables",52,Yes,17,No,65,No,39,No
ek.n.ib.m.t.13.3,Pick the correct answer,13 × 3 = ?,,,,org.ekstep.mcq.t.ta,domain_3490,1,1,No,Please try again!,Grade 2,EASY,"multiplication, multiplication tables, tables",26,No,39,Yes,16,No,52,No
ek.n.ib.m.t.13.2,Pick the correct answer,13 × 2 = ?,,,,org.ekstep.mcq.t.ta,domain_3490,1,1,No,Please try again!,Grade 2,EASY,"multiplication, multiplication tables, tables",39,No,13,No,26,Yes,15,No
ek.n.ib.m.t.13.7,Pick the correct answer,13 × 7 = ?,,,,org.ekstep.mcq.t.ta,domain_3490,1,1,No,Please try again!,Grade 2,EASY,"multiplication, multiplication tables, tables",20,No,104,No,78,No,91,Yes
ek.n.ib.m.t.13.8,Pick the correct answer,13 × 8 = ?,,,,org.ekstep.mcq.t.ta,domain_3490,1,1,No,Please try again!,Grade 2,EASY,"multiplication, multiplication tables, tables",104,Yes,21,No,117,No,91,No
ek.n.ib.m.t.13.9,Pick the correct answer,13 × 9 = ?,,,,org.ekstep.mcq.t.ta,domain_3490,1,1,No,Please try again!,Grade 2,EASY,"multiplication, multiplication tables, tables",104,No,117,Yes,22,No,130,No
ek.n.ib.m.t.13.10,Pick the correct answer,13 × 10 = ?,,,,org.ekstep.mcq.t.ta,domain_3490,1,1,No,Please try again!,Grade 2,EASY,"multiplication, multiplication tables, tables",143,No,117,No,130,Yes,23,No
ek.n.ib.m.t.13.6,Pick the correct answer,13 × 6 = ?,,,,org.ekstep.mcq.t.ta,domain_3490,1,1,No,Please try again!,Grade 2,EASY,"multiplication, multiplication tables, tables",19,No,91,No,65,No,78,Yes
ek.n.ib.m.t.13.5,Pick the correct answer,13 × 5 = ?,,,,org.ekstep.mcq.t.ta,domain_3490,1,1,No,Please try again!,Grade 2,EASY,"multiplication, multiplication tables, tables",65,Yes,18,No,78,No,52,No
ek.n.ib.m.t.13.1,Pick the correct answer,13 × 1 = ?,,,,org.ekstep.mcq.t.ta,domain_3490,1,1,No,Please try again!,Grade 2,EASY,"multiplication, multiplication tables, tables",1,No,13,Yes,14,No,26,No
ek.n.ib.m.t.14.4,Pick the correct answer,14 × 4 = ?,,,,org.ekstep.mcq.t.ta,domain_3490,1,1,No,Please try again!,Grade 2,EASY,"multiplication, multiplication tables, tables",56,Yes,18,No,70,No,42,No
ek.n.ib.m.t.14.5,Pick the correct answer,14 × 5 = ?,,,,org.ekstep.mcq.t.ta,domain_3490,1,1,No,Please try again!,Grade 2,EASY,"multiplication, multiplication tables, tables",56,No,70,Yes,19,No,84,No
ek.n.ib.m.t.14.2,Pick the correct answer,14 × 2 = ?,,,,org.ekstep.mcq.t.ta,domain_3490,1,1,No,Please try again!,Grade 2,EASY,"multiplication, multiplication tables, tables",42,No,14,No,28,Yes,16,No
ek.n.ib.m.t.14.7,Pick the correct answer,14 × 7 = ?,,,,org.ekstep.mcq.t.ta,domain_3490,1,1,No,Please try again!,Grade 2,EASY,"multiplication, multiplication tables, tables",21,No,112,No,84,No,98,Yes
ek.n.ib.m.t.14.9,Pick the correct answer,14 × 9 = ?,,,,org.ekstep.mcq.t.ta,domain_3490,1,1,No,Please try again!,Grade 2,EASY,"multiplication, multiplication tables, tables",126,Yes,23,No,140,No,112,No
ek.n.ib.m.t.14.8,Pick the correct answer,14 × 8 = ?,,,,org.ekstep.mcq.t.ta,domain_3490,1,1,No,Please try again!,Grade 2,EASY,"multiplication, multiplication tables, tables",98,No,112,Yes,22,No,126,No
ek.n.ib.m.t.14.1,Pick the correct answer,14 × 1 = ?,,,,org.ekstep.mcq.t.ta,domain_3490,1,1,No,Please try again!,Grade 2,EASY,"multiplication, multiplication tables, tables",28,No,1,No,14,Yes,15,No
ek.n.ib.m.t.14.6,Pick the correct answer,14 × 6 = ?,,,,org.ekstep.mcq.t.ta,domain_3490,1,1,No,Please try again!,Grade 2,EASY,"multiplication, multiplication tables, tables",20,No,98,No,70,No,84,Yes
ek.n.ib.m.t.14.3,Pick the correct answer,14 × 3 = ?,,,,org.ekstep.mcq.t.ta,domain_3490,1,1,No,Please try again!,Grade 2,EASY,"multiplication, multiplication tables, tables",42,Yes,17,No,56,No,28,No
ek.n.ib.m.t.14.10,Pick the correct answer,14 × 10 = ?,,,,org.ekstep.mcq.t.ta,domain_3490,1,1,No,Please try again!,Grade 2,EASY,"multiplication, multiplication tables, tables",126,No,140,Yes,24,No,154,No
ek.n.ib.m.t.15.5,Pick the correct answer,15 × 5 = ?,,,,org.ekstep.mcq.t.ta,domain_3490,1,1,No,Please try again!,Grade 2,EASY,"multiplication, multiplication tables, tables",75,Yes,20,No,90,No,60,No
ek.n.ib.m.t.15.6,Pick the correct answer,15 × 6 = ?,,,,org.ekstep.mcq.t.ta,domain_3490,1,1,No,Please try again!,Grade 2,EASY,"multiplication, multiplication tables, tables",75,No,90,Yes,21,No,105,No
ek.n.ib.m.t.15.4,Pick the correct answer,15 × 4 = ?,,,,org.ekstep.mcq.t.ta,domain_3490,1,1,No,Please try again!,Grade 2,EASY,"multiplication, multiplication tables, tables",75,No,45,No,60,Yes,19,No
ek.n.ib.m.t.15.7,Pick the correct answer,15 × 7 = ?,,,,org.ekstep.mcq.t.ta,domain_3490,1,1,No,Please try again!,Grade 2,EASY,"multiplication, multiplication tables, tables",22,No,120,No,90,No,105,Yes
ek.n.ib.m.t.15.8,Pick the correct answer,15 × 8 = ?,,,,org.ekstep.mcq.t.ta,domain_3490,1,1,No,Please try again!,Grade 2,EASY,"multiplication, multiplication tables, tables",120,Yes,23,No,135,No,105,No
ek.n.ib.m.t.15.1,Pick the correct answer,15 × 1 = ?,,,,org.ekstep.mcq.t.ta,domain_3490,1,1,No,Please try again!,Grade 2,EASY,"multiplication, multiplication tables, tables",1,No,15,Yes,16,No,30,No
ek.n.ib.m.t.15.3,Pick the correct answer,15 × 3 = ?,,,,org.ekstep.mcq.t.ta,domain_3490,1,1,No,Please try again!,Grade 2,EASY,"multiplication, multiplication tables, tables",60,No,30,No,45,Yes,18,No
ek.n.ib.m.t.15.2,Pick the correct answer,15 × 2 = ?,,,,org.ekstep.mcq.t.ta,domain_3490,1,1,No,Please try again!,Grade 2,EASY,"multiplication, multiplication tables, tables",17,No,45,No,15,No,30,Yes
ek.n.ib.m.t.15.10,Pick the correct answer,15 × 10 = ?,,,,org.ekstep.mcq.t.ta,domain_3490,1,1,No,Please try again!,Grade 2,EASY,"multiplication, multiplication tables, tables",150,Yes,25,No,165,No,135,No
ek.n.ib.m.t.15.9,Pick the correct answer,15 × 9 = ?,,,,org.ekstep.mcq.t.ta,domain_3490,1,1,No,Please try again!,Grade 2,EASY,"multiplication, multiplication tables, tables",120,No,135,Yes,24,No,150,No
ek.n.ib.m.t.16.10,Pick the correct answer,16 × 10 = ?,,,,org.ekstep.mcq.t.ta,domain_3490,1,1,No,Please try again!,Grade 2,EASY,"multiplication, multiplication tables, tables",160,Yes,26,No,176,No,144,No
ek.n.ib.m.t.16.5,Pick the correct answer,16 × 5 = ?,,,,org.ekstep.mcq.t.ta,domain_3490,1,1,No,Please try again!,Grade 2,EASY,"multiplication, multiplication tables, tables",64,No,80,Yes,21,No,96,No
ek.n.ib.m.t.16.1,Pick the correct answer,16 × 1 = ?,,,,org.ekstep.mcq.t.ta,domain_3490,1,1,No,Please try again!,Grade 2,EASY,"multiplication, multiplication tables, tables",32,No,1,No,16,Yes,17,No
ek.n.ib.m.t.16.7,Pick the correct answer,16 × 7 = ?,,,,org.ekstep.mcq.t.ta,domain_3490,1,1,No,Please try again!,Grade 2,EASY,"multiplication, multiplication tables, tables",23,No,128,No,96,No,112,Yes
ek.n.ib.m.t.16.2,Pick the correct answer,16 × 2 = ?,,,,org.ekstep.mcq.t.ta,domain_3490,1,1,No,Please try again!,Grade 2,EASY,"multiplication, multiplication tables, tables",32,Yes,18,No,48,No,16,No
ek.n.ib.m.t.16.4,Pick the correct answer,16 × 4 = ?,,,,org.ekstep.mcq.t.ta,domain_3490,1,1,No,Please try again!,Grade 2,EASY,"multiplication, multiplication tables, tables",48,No,64,Yes,20,No,80,No
ek.n.ib.m.t.16.8,Pick the correct answer,16 × 8 = ?,,,,org.ekstep.mcq.t.ta,domain_3490,1,1,No,Please try again!,Grade 2,EASY,"multiplication, multiplication tables, tables",144,No,112,No,128,Yes,24,No
ek.n.ib.m.t.16.3,Pick the correct answer,16 × 3 = ?,,,,org.ekstep.mcq.t.ta,domain_3490,1,1,No,Please try again!,Grade 2,EASY,"multiplication, multiplication tables, tables",19,No,64,No,32,No,48,Yes
ek.n.ib.m.t.16.6,Pick the correct answer,16 × 6 = ?,,,,org.ekstep.mcq.t.ta,domain_3490,1,1,No,Please try again!,Grade 2,EASY,"multiplication, multiplication tables, tables",96,Yes,22,No,112,No,80,No
ek.n.ib.m.t.16.9,Pick the correct answer,16 × 9 = ?,,,,org.ekstep.mcq.t.ta,domain_3490,1,1,No,Please try again!,Grade 2,EASY,"multiplication, multiplication tables, tables",128,No,144,Yes,25,No,160,No
ek.n.ib.m.t.17.2,Pick the correct answer,17 × 2 = ?,,,,org.ekstep.mcq.t.ta,domain_3490,1,1,No,Please try again!,Grade 2,EASY,"multiplication, multiplication tables, tables",34,Yes,19,No,51,No,17,No
ek.n.ib.m.t.17.4,Pick the correct answer,17 × 4 = ?,,,,org.ekstep.mcq.t.ta,domain_3490,1,1,No,Please try again!,Grade 2,EASY,"multiplication, multiplication tables, tables",51,No,68,Yes,21,No,85,No
ek.n.ib.m.t.17.6,Pick the correct answer,17 × 6 = ?,,,,org.ekstep.mcq.t.ta,domain_3490,1,1,No,Please try again!,Grade 2,EASY,"multiplication, multiplication tables, tables",119,No,85,No,102,Yes,23,No
ek.n.ib.m.t.17.8,Pick the correct answer,17 × 8 = ?,,,,org.ekstep.mcq.t.ta,domain_3490,1,1,No,Please try again!,Grade 2,EASY,"multiplication, multiplication tables, tables",25,No,153,No,119,No,136,Yes
ek.n.ib.m.t.17.10,Pick the correct answer,17 × 10 = ?,,,,org.ekstep.mcq.t.ta,domain_3490,1,1,No,Please try again!,Grade 2,EASY,"multiplication, multiplication tables, tables",170,Yes,27,No,187,No,153,No
ek.n.ib.m.t.17.1,Pick the correct answer,17 × 1 = ?,,,,org.ekstep.mcq.t.ta,domain_3490,1,1,No,Please try again!,Grade 2,EASY,"multiplication, multiplication tables, tables",1,No,17,Yes,18,No,34,No
ek.n.ib.m.t.17.5,Pick the correct answer,17 × 5 = ?,,,,org.ekstep.mcq.t.ta,domain_3490,1,1,No,Please try again!,Grade 2,EASY,"multiplication, multiplication tables, tables",102,No,68,No,85,Yes,22,No
ek.n.ib.m.t.17.3,Pick the correct answer,17 × 3 = ?,,,,org.ekstep.mcq.t.ta,domain_3490,1,1,No,Please try again!,Grade 2,EASY,"multiplication, multiplication tables, tables",20,No,68,No,34,No,51,Yes
ek.n.ib.m.t.17.7,Pick the correct answer,17 × 7 = ?,,,,org.ekstep.mcq.t.ta,domain_3490,1,1,No,Please try again!,Grade 2,EASY,"multiplication, multiplication tables, tables",119,Yes,24,No,136,No,102,No
ek.n.ib.m.t.17.9,Pick the correct answer,17 × 9 = ?,,,,org.ekstep.mcq.t.ta,domain_3490,1,1,No,Please try again!,Grade 2,EASY,"multiplication, multiplication tables, tables",136,No,153,Yes,26,No,170,No
ek.n.ib.m.t.18.7,Pick the correct answer,18 × 7 = ?,,,,org.ekstep.mcq.t.ta,domain_3490,1,1,No,Please try again!,Grade 2,EASY,"multiplication, multiplication tables, tables",126,Yes,25,No,144,No,108,No
ek.n.ib.m.t.18.2,Pick the correct answer,18 × 2 = ?,,,,org.ekstep.mcq.t.ta,domain_3490,1,1,No,Please try again!,Grade 2,EASY,"multiplication, multiplication tables, tables",18,No,36,Yes,20,No,54,No
ek.n.ib.m.t.18.5,Pick the correct answer,18 × 5 = ?,,,,org.ekstep.mcq.t.ta,domain_3490,1,1,No,Please try again!,Grade 2,EASY,"multiplication, multiplication tables, tables",108,No,72,No,90,Yes,23,No
ek.n.ib.m.t.18.1,Pick the correct answer,18 × 1 = ?,,,,org.ekstep.mcq.t.ta,domain_3490,1,1,No,Please try again!,Grade 2,EASY,"multiplication, multiplication tables, tables",19,No,36,No,1,No,18,Yes
ek.n.ib.m.t.18.8,Pick the correct answer,18 × 8 = ?,,,,org.ekstep.mcq.t.ta,domain_3490,1,1,No,Please try again!,Grade 2,EASY,"multiplication, multiplication tables, tables",144,Yes,26,No,162,No,126,No
ek.n.ib.m.t.18.9,Pick the correct answer,18 × 9 = ?,,,,org.ekstep.mcq.t.ta,domain_3490,1,1,No,Please try again!,Grade 2,EASY,"multiplication, multiplication tables, tables",144,No,162,Yes,27,No,180,No
ek.n.ib.m.t.18.10,Pick the correct answer,18 × 10 = ?,,,,org.ekstep.mcq.t.ta,domain_3490,1,1,No,Please try again!,Grade 2,EASY,"multiplication, multiplication tables, tables",198,No,162,No,180,Yes,28,No
ek.n.ib.m.t.18.3,Pick the correct answer,18 × 3 = ?,,,,org.ekstep.mcq.t.ta,domain_3490,1,1,No,Please try again!,Grade 2,EASY,"multiplication, multiplication tables, tables",21,No,72,No,36,No,54,Yes
ek.n.ib.m.t.18.4,Pick the correct answer,18 × 4 = ?,,,,org.ekstep.mcq.t.ta,domain_3490,1,1,No,Please try again!,Grade 2,EASY,"multiplication, multiplication tables, tables",72,Yes,22,No,90,No,54,No
ek.n.ib.m.t.18.6,Pick the correct answer,18 × 6 = ?,,,,org.ekstep.mcq.t.ta,domain_3490,1,1,No,Please try again!,Grade 2,EASY,"multiplication, multiplication tables, tables",90,No,108,Yes,24,No,126,No
ek.n.ib.m.t.19.1,Pick the correct answer,19 × 1 = ?,,,,org.ekstep.mcq.t.ta,domain_3490,1,1,No,Please try again!,Grade 2,EASY,"multiplication, multiplication tables, tables",19,Yes,20,No,38,No,1,No
ek.n.ib.m.t.19.4,Pick the correct answer,19 × 4 = ?,,,,org.ekstep.mcq.t.ta,domain_3490,1,1,No,Please try again!,Grade 2,EASY,"multiplication, multiplication tables, tables",57,No,76,Yes,23,No,95,No
ek.n.ib.m.t.19.7,Pick the correct answer,19 × 7 = ?,,,,org.ekstep.mcq.t.ta,domain_3490,1,1,No,Please try again!,Grade 2,EASY,"multiplication, multiplication tables, tables",152,No,114,No,133,Yes,26,No
ek.n.ib.m.t.19.10,Pick the correct answer,19 × 10 = ?,,,,org.ekstep.mcq.t.ta,domain_3490,1,1,No,Please try again!,Grade 2,EASY,"multiplication, multiplication tables, tables",29,No,209,No,171,No,190,Yes
ek.n.ib.m.t.19.2,Pick the correct answer,19 × 2 = ?,,,,org.ekstep.mcq.t.ta,domain_3490,1,1,No,Please try again!,Grade 2,EASY,"multiplication, multiplication tables, tables",38,Yes,21,No,57,No,19,No
ek.n.ib.m.t.19.5,Pick the correct answer,19 × 5 = ?,,,,org.ekstep.mcq.t.ta,domain_3490,1,1,No,Please try again!,Grade 2,EASY,"multiplication, multiplication tables, tables",76,No,95,Yes,24,No,114,No
ek.n.ib.m.t.19.8,Pick the correct answer,19 × 8 = ?,,,,org.ekstep.mcq.t.ta,domain_3490,1,1,No,Please try again!,Grade 2,EASY,"multiplication, multiplication tables, tables",171,No,133,No,152,Yes,27,No
ek.n.ib.m.t.19.3,Pick the correct answer,19 × 3 = ?,,,,org.ekstep.mcq.t.ta,domain_3490,1,1,No,Please try again!,Grade 2,EASY,"multiplication, multiplication tables, tables",22,No,76,No,38,No,57,Yes
ek.n.ib.m.t.19.6,Pick the correct answer,19 × 6 = ?,,,,org.ekstep.mcq.t.ta,domain_3490,1,1,No,Please try again!,Grade 2,EASY,"multiplication, multiplication tables, tables",114,Yes,25,No,133,No,95,No
ek.n.ib.m.t.19.9,Pick the correct answer,19 × 9 = ?,,,,org.ekstep.mcq.t.ta,domain_3490,1,1,No,Please try again!,Grade 2,EASY,"multiplication, multiplication tables, tables",152,No,171,Yes,28,No,190,No
ek.n.ib.m.t.20.10,Pick the correct answer,20 × 10 = ?,,,,org.ekstep.mcq.t.ta,domain_3490,1,1,No,Please try again!,Grade 2,EASY,"multiplication, multiplication tables, tables",200,Yes,30,No,220,No,180,No
ek.n.ib.m.t.20.4,Pick the correct answer,20 × 4 = ?,,,,org.ekstep.mcq.t.ta,domain_3490,1,1,No,Please try again!,Grade 2,EASY,"multiplication, multiplication tables, tables",60,No,80,Yes,24,No,100,No
ek.n.ib.m.t.20.6,Pick the correct answer,20 × 6 = ?,,,,org.ekstep.mcq.t.ta,domain_3490,1,1,No,Please try again!,Grade 2,EASY,"multiplication, multiplication tables, tables",140,No,100,No,120,Yes,26,No
ek.n.ib.m.t.20.3,Pick the correct answer,20 × 3 = ?,,,,org.ekstep.mcq.t.ta,domain_3490,1,1,No,Please try again!,Grade 2,EASY,"multiplication, multiplication tables, tables",23,No,80,No,40,No,60,Yes
ek.n.ib.m.t.20.2,Pick the correct answer,20 × 2 = ?,,,,org.ekstep.mcq.t.ta,domain_3490,1,1,No,Please try again!,Grade 2,EASY,"multiplication, multiplication tables, tables",40,Yes,22,No,60,No,20,No
ek.n.ib.m.t.20.9,Pick the correct answer,20 × 9 = ?,,,,org.ekstep.mcq.t.ta,domain_3490,1,1,No,Please try again!,Grade 2,EASY,"multiplication, multiplication tables, tables",1,No,180,Yes,29,No,200,No
ek.n.ib.m.t.20.7,Pick the correct answer,20 × 7 = ?,,,,org.ekstep.mcq.t.ta,domain_3490,1,1,No,Please try again!,Grade 2,EASY,"multiplication, multiplication tables, tables",160,No,120,No,140,Yes,27,No
ek.n.ib.m.t.20.8,Pick the correct answer,20 × 8 = ?,,,,org.ekstep.mcq.t.ta,domain_3490,1,1,No,Please try again!,Grade 2,EASY,"multiplication, multiplication tables, tables",28,No,180,No,140,No,160,Yes
ek.n.ib.m.t.20.5,Pick the correct answer,20 × 5 = ?,,,,org.ekstep.mcq.t.ta,domain_3490,1,1,No,Please try again!,Grade 2,EASY,"multiplication, multiplication tables, tables",100,Yes,25,No,120,No,80,No
ek.n.ib.m.t.20.1,Pick the correct answer,20 × 1 = ?,,,,org.ekstep.mcq.t.ta,domain_3490,1,1,No,Please try again!,Grade 2,EASY,"multiplication, multiplication tables, tables",1,No,20,Yes,21,No,40,No